INSERT INTO branch VALUES
(null, 'AG.NIKOLAOU', 4, 'PATRA'),
(null, 'AIOLOU', 6, 'PATRA'),
(null, 'KALAVRYTON', 23, 'IOANNINA'),
(null, 'EL.VENIZELOU', 89, 'PATRA'),
(null, 'GOUNARI', 1, 'ATHINA'),
(null, 'SMIRNIS', 34, 'PATRA'),
(null, 'MESATIDOS', 9, 'THESALLONIKI'),
(null, 'EGLIKADOS', 7, 'PATRA'),
(null, 'KOLOKOTRONI', 8, 'ATHINA'),
(null, 'DIOIKITIRIOU', 20, 'PTOLEMAIDA'),
(null , 'PALAIOLOGOU',    11,  'LAMIA'),
(null, 'KANAKARI', 24, 'THESALONIKI'),
(null, 'KORINTHOU', 3, 'PATRA'),
(null, 'ANTHIAS', 5, 'KORINTHOS'),
(null, 'DIMOKRATIAS', 47, 'PATRA'),
(null, 'EVOIAS', 27, 'IOANNINA'),
(null, 'FILOPOIMENOS', 46, 'ARTA'),
(null, 'ERMOU', 17, 'ATHINA'),
(null, 'AKROTIRIOU', 89, 'LAMIA'),
(null, 'ZAIMI', 75, 'LARISA'),
(null, 'PANEPISTIMIOU', 34, 'ATHINA'),
(null, 'DOROU', 1, 'LAMIA'),
(null, 'MAIZONOS', 38, 'PATRA'),
(null, 'SAPFOUS', 44, 'VOLOS'),
(null, 'PAPAMAUROU', 27, 'IOANNINA'),
(null, 'AVEROF', 33, 'TRIPOLI'),
(null, 'GEORGIOU', 101, 'ATHINA'),
(null, 'PEILIDON', 9, 'LAMIA'),
(null, 'PATROKLOU', 11, 'RODOS'),
(null, 'ESLIN', 38, 'LARISA'); 

INSERT INTO worker VALUES
('AA09895623', 'GIORGOS', 'KARAGIANNIS', 2056, 3),
('AA34520091', 'GIORGOS', 'GIANOPOULOS', 1500, 4),
('AB57391132', 'PANAGIOTIS', 'LAZAS', 1000, 4),
('AB55400231', 'MILTIADIS', 'PANAGOPOULOS', 1755, 2),
('AF45554678', 'GIORGOS', 'KAZATZAKIS', 3000, 6),
('AG12343210', 'GIANNIS', 'PAPADOPOULOS', 2355, 6),
('GH96986576', 'HRAKLIS', 'KOULOS', 1010, 6),
('IU90334567', 'SOKRATIS', 'KARAGIANNIS', 95050, 2),
('ER23556438', 'ORESTHS', 'PAPAGIANNIS', 1115, 9),
('DE34554324', 'XRISTOS', 'TZAMIS', 3556, 9),
('AM15375947', 'DIONISIS', 'MANOLOPOULOS' , 1500, 11),
('AI83950702', 'MARIA', 'DWROU' , 1950, 12),
('AT49862157', 'MANOLIS', 'MANESIS' , 1000, 12),
('AM15370047', 'CHRISTOS', 'GEORGOPOULOS' , 1850, 11),
('AN03060804', 'EVANGELIA', 'PATZOPOULOY' , 1600, 11),
('AN89812526', 'XRISTOFOROS', 'LAGIOS' , 1800, 16),
('AK12161135', 'SERGIOS', 'XARAVGIS' , 2100, 6),
('IN87486573', 'ALEXANDRA', 'TSAKIRI' , 2400, 18),
('AY04554865', 'NIKOLAOS', 'KWNSTANTINOU' , 1700, 19),
('AB88988450', 'KONSTANTINA', 'KAFETZI' , 1800, 20),
('RY19087762', 'MARIA', 'PAPADOPOULOU', 1000, 21), 
('WS12345678', 'ELENI', 'GEORGOPOULOU', 2100, 22),
('TG01020304', 'AGGELOS', 'PAPADAKIS', 1500, 23),
('KK10111213', 'DIMITRIS', 'IOANNOU', 800, 25),
('AS23776510', 'EIRINI', 'ZERVA', 1300, 24),
('QM98566671', 'PAULOS', 'KOSTOPOULOS', 3400, 26),
('AP19992231', 'KOSTAS', 'KATSAROS', 2110, 28),
('MN55776688', 'GEORGIA', 'PANAGOU', 1800, 27),
('HK10010120', 'MANOLIS', 'PETROPOULOS', 990, 7),
('PR20987721', 'SPYROS', 'GEORGIOU', 1200, 22),
('AB20967621', 'EVA', 'STERGIOU', 1200, 23),
('KO20959000', 'GIORGOS', 'MALTEZOS', 1200, 24),
('IK26285423', 'MILTIADIS', 'RODITIS', 1200, 24),
('AT24646601', 'ORESTIS', 'GEORGIADIS', 1200, 7),
('AN89980021', 'PETROS', 'PANAGIOTOU', 1200, 26),
('AM98754326', 'GIANNIS', 'PANOY', 1000.00, 1),
('GH96956706', 'KONSTANTIKOS', 'KANELLOPOULOS', 573.88, 2),
('IA00834567', 'IASONAS', 'XARMPILAS', 889.00, 3),
('AR23678738', 'FILLIPOS', 'ASTERIWTHS', 1110, 4),
('AR98889078', 'ANDRIANNA', 'KARAKWSTA', 980, 5),
('AM10999737', 'KATERINA', 'MANOLOPOULOY' , 1500, 6),
('AI85678O02', 'EYGENEIA', 'KOYNAVI' , 1700, 7),
('AT42323457', 'OLGA', 'THEODOROPOULOY' , 1650, 8),
('AB15370047', 'EYTYXIA', 'KORAKA' , 1800, 9),
('GH03060804', 'ARETI', 'XAMPAKAKI' , 1600, 10),
('JK89699526', 'XARITINI', 'KAKOYRI' , 1800, 11),
('AW12161135', 'BASILIKI', 'ANTWNIOY' , 2000, 12),
('NL87486573', 'THEODOIS', 'TSAKAS' , 2400, 13),
('YA04554865', 'AFRODITI', 'LIANTOY' , 1770, 14),
('FG88555450', 'GEORGIA', 'HLIOPOULOU' , 1890, 15),
('SA56789762', 'ALEXANDROS', 'GEORGOPOULOS', 1090, 16), 
('WE56789068', 'THEODOSIS', 'FILIS', 2150, 17),
('TA12345634', 'LEFTERIS', 'RASSIOS', 1500, 18),
('VA45678213', 'CHRISTOS', 'STAMATOPOULOS', 970, 19),
('AS23785450', 'OLYMPIA', 'ALEXANDROPOULOU', 1320, 20),
('AI56366671', 'PANAGIOTA', 'GOURDOUPI', 3100, 21),
('OP56782231', 'PAVLOS', 'LAZANAS', 1210, 22),
('NM23456688', 'IOANNIS', 'LAGIOS', 1560, 23),
('HA45560120', 'BIKY', 'KOYNELI', 790, 24),
('IO13342721', 'EYTHIMIS', 'VERRAS', 1280, 25),
('AF06219623', 'ARISTEA', 'PAPATHANASIOU', 1400, 26),
('KA20956789', 'ZWH', 'TZOYRAMANI', 1500, 27),
('IL26285546', 'MARILENA', 'NTERTINI', 1600, 28),
('IY64698042', 'ANASTASIA', 'MARGARI', 1370, 29),
('OK45678281', 'PARASKEVI', 'GKOTSH', 1900, 30);


INSERT INTO driver VALUES
('RY19087762', 'A', 'LOCAL', 21),
('WS12345678', 'A', 'ABROAD', 22),
('TG01020304', 'B', 'ABROAD', 23),
('KK10111213', 'A', 'LOCAL', 24 ),
('AS23776510', 'B', 'LOCAL', 25 ),
('QM98566671', 'C', 'LOCAL', 26),
('AP19992231', 'C', 'LOCAL', 27),
('MN55776688', 'D', 'ABROAD', 28),
('HK10010120', 'A', 'ABROAD', 29),
('AB20967621', 'C', 'ABROAD', 30),
('KO20959000', 'B', 'ABROAD', 35),
('IK26285423', 'B', 'ABROAD', 47),
('AT24646601', 'B', 'ABROAD', 79),
('AN89980021', 'A', 'ABROAD', 55);


INSERT INTO guide VALUES
('AA09895623', 'EXEI 2 XRONIA PROIPIRESIAS KAI MILLAEI AGGLIKA'),
('AA34520091', 'EXEI 1 XRONO PROIPIRESIAS KAI MILAEI GALLIKA KAI AGGLIKA'),
('AB57391132', 'EXEI 3 XRONIA PROIPIRESIAS KAI MILAEI GERMANIKA'),
('AB55400231', 'EXEI 2 XRONIA PROIPIRESIAS KAI MILAEI PORTOGALIKA'),
('AF45554678', 'EXEI 5 XRONIA PROIPIRESIAS KAI MILAEI GALLIKA KAI GERMANIKA'),
('AG12343210', 'EXEI 4 XRONIA PROIPIRESIAS KAI MILAEI AGGLIKA'),
('GH96986576', 'EXEI 1 XRONIO PROIPIRESIAS MONO'),
('IU90334567', 'EXEI 4 XRONIA PROIPIRESIAS KAI MILAEI GERMANIKA KAI ISPANIKA'),
('ER23556438', 'EXEI 2 XRONIA PROIPIRESIAS KAI MILAEI GERMANIKA'),
('DE34554324', 'EXEI 7 XRONIA PROIPIRESIAS KAI MILAEI GERMANIKA AGGLIKA KAI TOURKIKA');

INSERT INTO languages VALUES
('AA09895623', 'AGGLIKA'),
('AA34520091', 'GALLIKA KAI AGGLIKA'),
('AB57391132', 'GERMANIKA'),
('AB55400231', 'PORTOGALIKA'),
('AF45554678', 'GALLIKA KAI GERMANIKA'),
('AG12343210', 'AGGLIKA'),
('GH96986576', 'KAMIA'),
('IU90334567', 'GERMANIKA KAI ISPANIKA'),
('ER23556438', 'GERMANIKA'),
('DE34554324', 'GERMANIKA AGGLIKA KAI TOURKIKA');

INSERT INTO phones VALUES
(1, '2610323444'),
(2, '2610343518'),
(3, '2651123456'),
(4, '2610698525'),
(5, '2100345542'),
(6, '2610258961'),
(7, '2310207892'),
(8, '2610741253'),
(9, '2463123124'),
(10, '2231888959'),
(11, '2231076306'),
(12, '2310538897'),
(13, '2610524438'),
(14, '2741361049'),
(15, '2610987780'),
(16, '2651526041'),
(17, '2231990760'),
(18, '2107566433'),
(19, '2231876753'),
(20, '2410533264'),
(21, '2231029875'),
(22, '2610198236'),
(23, '2421054767'),
(24, '2651008568'),
(25, '2710760099'),
(26, '2101098430'),
(27, '2231020001'),
(28, '2241089142'),
(29, '2410187663'),
(30, '2310993564');

INSERT INTO admin VALUES
('AM98754326', 'ADMINISTRATIVE', 'DIOIKISIS_EPIXEIRISEON'),
('GH96956706', 'ADMINISTRATIVE', 'OIKONOMIKVN EPISTHMWN-IOANNINWN'),
('IA00834567', 'ADMINISTRATIVE', 'OIKONOMIKVN EPISTHMWN-ASOE'),
('AR23678738', 'ADMINISTRATIVE', 'DIOIKISIS EPIXEIRISEWN-TRIPOLI'),
('AR98889078', 'ADMINISTRATIVE', 'OIKONOMIKVN EPISTHMWN-PATRWN'),
('AM10999737','ADMINISTRATIVE', 'OIKONOMIKVN EPISTHMWN'),
('AI85678O02', 'ADMINISTRATIVE', 'MARKETING'),
('AT42323457', 'ADMINISTRATIVE', 'OIKONOMIKVN EPISTHMWN KAI TEXNOLOGIAS'),
('AB15370047', 'ADMINISTRATIVE', 'OIKONOMIKVN EPISTHMWN PATRWN'),
('GH03060804', 'ADMINISTRATIVE', 'DIOIKISIS_EPIXEIRISEON'),
('JK89699526', 'ADMINISTRATIVE', 'DIOIKISIS_EPIXEIRISEON KAI TEXNOLOGIAS'),
('AW12161135', 'ADMINISTRATIVE', 'DIOIKISIS_EPIXEIRISEON-TRIPOLIS'),
('NL87486573', 'ADMINISTRATIVE', 'OIKONOMIKVN EPISTHMWN-IOANNINWN'),
('YA04554865', 'ADMINISTRATIVE', 'OIKONOMIKVN EPISTHMWN-PATRWN'),
('FG88555450', 'ADMINISTRATIVE', 'MARKETING-OPA'),
('SA56789762', 'ADMINISTRATIVE', 'DIMOSIAS DIOIKISIS-PANEPISTIMIO ATHINWN'),
('WE56789068', 'ADMINISTRATIVE', 'DIETHNWN KAI EYRWPAIKWN SPOUDWN'),
('TA12345634','ADMINISTRATIVE', 'DIOIKISIS_EPIXEIRISEON'),
('VA45678213', 'ADMINISTRATIVE', 'MARKETING'),
('AS23785450','ADMINISTRATIVE', 'OIKONOMIKVN EPISTHMWN'),
('AI56366671', 'ADMINISTRATIVE', 'DIOIKISIS_EPIXEIRISEON'),
('OP56782231', 'ADMINISTRATIVE', 'DIETHNWN KAI EYRWPAIKWN SPOUDWN'),
('NM23456688','ADMINISTRATIVE', 'DIOIKISIS_EPIXEIRISEON'),
('HA45560120', 'ADMINISTRATIVE', 'DIETHNWN KAI EYRWPAIKWN SPOUDWN'),
('IO13342721', 'ADMINISTRATIVE', 'OIKONOMIKVN EPISTHMWN'),
('AF06219623', 'ADMINISTRATIVE', 'DIETHNWN KAI EYRWPAIKWN SPOUDWN'),
('KA20956789', 'ADMINISTRATIVE', 'OIKONOMIKVN EPISTHMWN'),
('IL26285546', 'ADMINISTRATIVE', 'DIOIKISIS_EPIXEIRISEON'),
('IY64698042', 'ADMINISTRATIVE', 'DIETHNWN KAI EYRWPAIKWN SPOUDWN'),
('OK45678281', 'ADMINISTRATIVE', 'DIOIKISIS_EPIXEIRISEON'),
('AM15375947', 'ACCOUNTING', 'OIKONOMIKHS KAI PERIFEREIAKIS ANAPTYKSHS'),
('AI83950702', 'ACCOUNTING', 'EFARMOSMENA_OIKONOMIKA'),
('AT49862157', 'LOGISTICS', 'OKONOMIKON'),
('AM15370047', 'ACCOUNTING', 'OKONOMIKON'),
('AN03060804', 'LOGISTICS', 'DIOIKISIS_EPIXEIRISEON'),
('AN89812526', 'ACCOUNTING', 'EFARMOSMENA_OIKONOMIKA'),
('AK12161135', 'LOGISTICS', 'EFARMOSMENA_OIKONOMIKA'),
('IN87486573', 'ACCOUNTING', 'OKONOMIKON'),
('AY04554865', 'LOGISTICS', 'EFARMOSMENA_OIKONOMIKA'),
('AB88988450', 'ACCOUNTING', 'DIOIKISIS_EPIXEIRISEON');

INSERT INTO manages VALUES
('AM98754326', 1),
('GH96956706', 2),
('IA00834567', 3),
('AR23678738', 4),
('AR98889078', 5),
('AM10999737', 6),
('AI85678O02', 7),
('AT42323457', 8),
('AB15370047', 9),
('GH03060804',10),
('JK89699526',11),
('AW12161135', 12),
('NL87486573',13),
('YA04554865',14),
('FG88555450', 15),
('SA56789762',16),
('WE56789068', 17),
('TA12345634', 18),
('VA45678213',	19),
('AS23785450', 20),
('AI56366671', 21),
('OP56782231', 22),
('NM23456688', 23),
('HA45560120', 24),
('IO13342721', 25),
('AF06219623', 26),
('KA20956789', 27),
('IL26285546',	28),
('IY64698042', 29),
('OK45678281', 30);


INSERT INTO trip VALUES
(1001101, '2023-02-05 7:30:00', '2023-02-15 20:15:00', 30, 4000, 1, 'AA09895623', 'RY19087762'  ),
(1101101, '2023-02-10 8:25:00', '2023-02-20 19:37:00', 25, 6375, 2, 'AB57391132', 'WS12345678' ),
(1101010, '2023-04-06 6:50:00', '2023-04-16 17:30:00', 33, 5475, 4, 'AB57391132', 'TG01020304'),
(0101011, '2023-04-15 10:45:00', '2023-04-25 21:00:00', 40, 6890, 5, 'AB55400231', 'KK10111213'),
(0011001, '2023-05-01 9:55:00', '2023-05-11 22:10:00', 45, 4120, 7, 'AF45554678', 'AS23776510'),
(0000001, '2023-10-04 7:37:00', '2023-10-14 23:15:00', 35, 5900, 9, 'AG12343210', 'QM98566671'),
(0010110, '2023-10-20 5:30:00', '2023-10-30 20:55:00', 48, 8700, 10, 'AG12343210', 'AP19992231'),
(1111110, '2023-11-05 6:25:00', '2023-11-15 21:35:00', 40, 5700, 3, 'IU90334567', 'MN55776688'),
(1011100, '2023-12-15 8:36:00', '2023-12-25 19:45:00', 70, 15000, 6, 'ER23556438', 'HK10010120'),
(0111110, '2023-12-20 12:56:00', '2023-12-30 21:40:00', 70, 20000, 8, 'DE34554324', 'AB20967621'),
(20910040, '2023-06-24 7:30:00', '2023-06-30 20:30:00', 35, 1000, 11, 'DE34554324', 'TG01020304'  ),
(11100110, '2023-07-16 8:30:00', '2023-07-26 20:37:00', 20, 1550, 12, 'AG12343210', 'RY19087762' ),
(10105557, '2023-08-15 9:30:00', '2023-08-25 21:30:00', 20, 2000, 14, 'AA09895623', 'WS12345678'),
(10105558, '2023-08-16 9:45:00', '2023-08-22 22:00:00', 20, 990, 15, 'DE34554324', 'AP19992231'),
(10105559, '2023-05-14 12:00:00', '2023-05-19 21:10:00', 15, 1600, 17, 'ER23556438', 'KK10111213'),
(10105560, '2023-08-12 7:00:00', '2023-08-17 20:15:00', 30, 2100, 19, 'AA34520091', 'AS23776510'),
(10105561, '2023-09-24 8:45:00', '2023-09-29 20:00:00', 30, 1000, 20, 'DE34554324', 'QM98566671'),
(10105562, '2023-09-9 6:55:00', '2023-09-15 21:00:00', 10, 1300, 13, 'AF45554678', 'KO20959000'),
(10105563, '2023-12-20 10:00:00', '2023-12-28 20:35:00', 50, 4000, 16, 'ER23556438', 'MN55776688'),
(10105564, '2023-10-02 12:15:00', '2023-10-16 21:30:00', 30, 2600, 18, 'IU90334567', 'HK10010120'),
(3900000, '2023-01-07 7:00:00', '2023-01-12 21:00:00', 50, 3000.00, 21, 'AA09895623', 'KK10111213'),
(3901001, '2023-08-10 10:15:00', '2023-08-15 15:30:00', 40, 1500.00, 22, 'AB57391132', 'RY19087762'),
(3932221, '2023-02-18 9:30:00', '2023-02-24 19:00:00', 30, 2400.00, 26, 'AF45554678', 'AT24646601'),
(2099801, '2023-01-11 6:30:00', '2023-01-14 16:15:00', 20, 3150.50, 29, 'AA34520091', 'AN89980021'),
(1999990, '2023-05-05 9:00:00', '2023-05-11 20:00:00', 35, 5000.00, 23, 'AB55400231', 'MN55776688'),
(8566783, '2023-02-04 8:30:00', '2023-02-10 13:30:00', 50, 4700.10, 25, 'DE34554324', 'RY19087762'),
(3458800, '2023-07-12 10:00:00', '2023-07-19 18:00:00', 30, 1300.00, 24, 'ER23556438', 'QM98566671'),
(1009870, '2023-06-08 5:30:00', '2023-06-13 11:00:00', 25, 1950.00, 27, 'ER23556438', 'AB20967621'),
(1001993, '2023-02-01 9:00:00', '2023-02-08 16:15:00', 40, 2000.00, 28, 'GH96986576', 'HK10010120'),
(1766571, '2023-09-08 9:15:00', '2023-09-14 17:00:00', 40, 2800.00, 30, 'AA09895623', 'AT24646601');
    
INSERT INTO event VALUES
(1001101, '2023-02-06 11:30:00', '2023-02-06 14:30:00', 'BOLTA STHN PARALIAKI'  ),
(1101101, '2023-02-11 14:00:00', '2023-02-11 17:00:00', 'EPISKEPSI STO VATIKANO' ),
(1101010, '2023-04-07 12:00:00', '2023-04-07 14:00:00', 'EPISKEPSI SE TOPIKI PARAGVGH KRASIWN' ),
(0101011, '2023-04-16 10:00:00', '2023-04-16 11:00:00', 'OPERA GARNIER' ),
(0011001, '2023-05-02 10:0:00', '2023-05-04 20:00:00', 'EKDROMI STA XANIA'),
(0000001, '2023-10-05 14:30:00', '2023-10-05 16:00:00', 'STADIO TIS BARCHELONA.FC'),
(0010110, '2023-10-21 14:30:00', '2023-10-21 15:00:00', 'EPISKEPSI STON KATHEDRIKO NAO THS POLHS'),
(1111110, '2023-11-06 14:20:00', '2023-11-06 13:20:00', 'TEST DRIVE AUTOKINITA FERRARI'),
(1011100, '2023-12-16 10:30:00', '2023-12-16 13:45:00', 'FAGHTO KAI KAFES STHN PLATEIA TAKSIM' ),
(0111110, '2023-12-21 13:50:00', '2023-12-21 21:40:00', 'BOLTA STHN PALIA POLH'),
(20910040, '2023-06-25 13:30:00', '2023-06-25 20:30:00', 'EKDORMI STO DILOFO'),
(20910040, '2023-06-26 13:30:00', '2023-06-27 20:30:00', 'EKDROMI STO TSEPELOBO'),
(10105557, '2023-08-20 11:30:00', '2023-08-20 12:30:00', 'EPISKEPSI STO MOYSEIO THS EPANASTASHS'),
(10105558, '2023-08-17 14:15:00', '2023-08-17 15:00:00', 'EPISKEPSI STA ANAKTORA TOY BUCKINGHAM'),
(10105559, '2023-05-13 12:00:00', '2023-05-13 21:10:00', 'EKDROMI STA XWRIA APEIRATHOS KAI FILOTI'),
(10105560, '2023-08-13 17:00:00', '2023-08-13 20:15:00', 'THEATRIKI PARASTASI STHN SKALA TOY MILANOU' ),
(10105561, '2023-09-25 09:00:00', '2023-09-25 20:00:00', 'EKDROMI STO PALERMO' ),
(10105562, '2023-09-10 12:55:00', '2023-09-10 21:00:00', 'EPISKEPSI STO RIJKSMUSEUM'),
(10105563, '2023-12-21 10:00:00', '2023-12-21 13:00:00', 'XRISTOYGENNIATIKH AGORA'),
(10105564, '2023-10-03 11:00:00', '2023-10-16 12:30:00', 'BOLTA STO DASOS'),
(3900000, '2023-01-09 11:00:00', '2023-01-09 13:30:00', 'KSENAGISI STO SPITI TOU MOZART'),
(3901001, '2023-08-11 11:00:00', '2023-08-11 12:00:00', 'PERIPATOS STH CHORA'),
(3932221, '2023-02-22 17:00:00', '2023-02-22 19:00:00', 'TOUR STO MESAIWNIKO KASTRO TOU EDIMBOURGOU'),
(2099801, '2023-01-12 12:00:00', '2023-01-12 12:30:00', 'BOLTA STHN GEFYRA TOU KAROLOU'),
(1999990, '2023-05-06 10:00:00', '2023-05-06 14:00:00', 'KROUAZIERA STO GEIRANGERFJORD'),
(8566783, '2023-02-06 13:30:00', '2023-02-06 14:00:00', 'FOTOGRAFIES ME TON AH-BASILH'),
(3458800, '2023-07-14 18:00:00', '2023-07-14 19:30:00', 'BOLTA STA SOKAKIA THS OIAS'),
(1009870, '2023-06-10 11:00:00', '2023-06-10 13:00:00', 'BOLTA STO LIMANI KAI STHN JAFFA'),
(1001993, '2023-02-01 15:00:00', '2023-02-01 17:00:00', 'FAGHTO SE PARADOSIAKH MPYRARIA'),
(1766571, '2023-09-10 10:30:00', '2023-09-10 11:30:00', 'EPISKEPSI STO MOYSEIO SOKOLATAS CHOCOLATE NATION');

INSERT INTO destination VALUES
(4589618, 'THESALLONIKI', 'TAXIDI STIN MAGEYTIKI THESALLONIKI', 'LOCAL', 'ELLINIKA', NULL),
(2579860, 'ROME', 'PERIPLANISI STIN ARXAIA POLI TIS EUROPIS', 'ABROAD', 'ITALIKA', NULL),
(4884915, 'NAPOLI', 'KSENAGISI STHN POLH TIS AYTHENTIKIS PIZZAS',  'ABROAD', 'ITALIKA', NULL ),
(6943780, 'PARIS', 'KSENAGISI STIN POLI TOY EROTA', 'ABROAD','GALLIKA', NULL),
(5978483, 'KRETA', 'METAFORA STA PARADOSIKA XORIA TIS KRITIS', 'LOCAL', 'ELLINIKA', NULL),
(0321548, 'BARCELONA', 'KSENAGISI STO STADIO TIS BARCHELONA.FC', 'ABROAD','ESPANIKA' , NULL),
(0215870, 'LYON', 'KSENAGISI STON DROMO TOU GALLIKOY KRASIOY ', 'ABROAD', 'GALLIKA', NULL),
(0222022, 'MONACO', 'PERIHGHSH STHN FIMISMENH POLH THS F1', 'ABROAD', 'GALLIKA', NULL),
(8895252, 'INSTABULL', 'KSENAGISI STON THRISKEYTIKO XORO TIS POLIS', 'ABROAD', 'TOURKIKA', NULL),
(1145253, 'WARSAW', 'EPISKEPSI SE MOUSEIO TOY 2ou PAGOSMIOY POLEMOU ', 'ABROAD', 'POLONIKA', NULL),
(5274917, 'ZAGOROXVRIA', 'TAKSIDI STA 10 PIO OMORFA XWRIA', 'LOCAL', 'ELLINIKA', NULL),
(1234975, 'ARGENTINA', 'O GYROS THS ARGENTINHS', 'ABROAD', 'ENGLISH', NULL),
(4545678, 'KOYBA', 'ANAKALYPSTE THN OMORFH HAVANA', 'ABROAD', 'SPANISH', NULL ),
(8328495, 'LONDON', 'ORGANWMENES EPISKEPSEIS STO BRETANIKO MOYSEIO KAI STON PYRGO TOY LONDINOY', 'ABROAD','GALLIKA', NULL),
(0102947, 'NAXOS', 'METAFORA STA PARADOSIKA XORIA TIS KRITIS', 'LOCAL', 'ELLINIKA', NULL),
(2135461, 'MILANO', 'AGORES STHN GALLERIA', 'ABROAD','ITALIKA' , NULL),
(4163264, 'SIKELIA', 'KALOKAIRI STHN OMORFH SIKELIA', 'ABROAD', 'ITALIKA', NULL),
(6743521, 'AMSTERDAM', 'BOLTA STA KANALIA THS POLHS', 'ABROAD', 'OLLANDIKA', NULL),
(3765631, 'NEW YORK', 'CHRISTMAS IN NEW YORK', 'ABROAD', 'AGGLIKA', NULL),
(9348746, 'MALDIVES', 'TAKSIDI TOY MELITOS', 'ABROAD', 'AGGLIKA', NULL),
(1097643, 'SALZBURG', 'EPISKEPSI STO SPITI TOY MOZART', 'ABROAD', 'GERMANIKA', NULL),
(2230973, 'MYKONOS', 'TAKSIDI STO NHSI TON ANEMON', 'LOCAL', 'ELLINIKA', NULL),
(0877622, 'EDINBURGH', 'PERIHGHSH STA HIGHLANDS', 'ABROAD', 'AGGLIKA', NULL),
(1357778, 'PRAGUE', 'H OMORFOTERH MESAIONIKH POLH THS EYROPHS', 'ABROAD', 'TSEXIKA', NULL),
(7544289, 'BERGEN', 'DIAMONH STA MONADIKA FJORDS THS NORBHGIAS', 'ABROAD', 'NORBHGIKA', NULL),
(9088722, 'ROVANIEMI', 'EPISKEPSI STO XORIO TOY AH-BASILH', 'ABROAD', 'FINLANDIKA', NULL),
(1085667, 'SANTORINI', 'BOLTA ME CATAMARAN STIS PIO OMORFES PARALIES TOY NHSIOY', 'LOCAL', 'ELLINIKA', NULL),
(3330098, 'TEL AVIV', 'KSENAGHSH STH PALIA POLH KAI EPISKEPSH STA IEROSOLYMA', 'ABROAD', 'EBRAIKA', NULL),
(2206676, 'MUNICH', 'DEITE APO KONTA TO KASTRO NEUSCHWANSTEIN TOY BASILIA LOYDOBIKOY II', 'ABROAD', 'GERMANIKA', NULL),
(1000321, 'BRUSSELS', 'DOKIMASTE AYTHENTIKES BELGIKES SOKOLATES', 'ABROAD', 'GALLIKA', NULL);


INSERT INTO travel_to VALUES
(1001101,4589618, '2023-02-05 7:30:00', '2023-02-15 20:15:00' ),
(1101101, 2579860, '2023-02-10 8:25:00', '2023-02-20 19:37:00'),
(1101010, 4884915,  '2023-04-06 6:50:00', '2023-04-16 17:30:00'),
(0101011,6943780, '2023-04-15 10:45:00', '2023-04-25 21:00:00'),
(0011001, 5978483,  '2023-05-01 9:55:00', '2023-05-11 22:10:00'),
(0000001, 0321548, '2023-10-04 7:37:00', '2023-10-14 23:15:00' ),
(0010110,0215870, '2023-10-20 5:30:00', '2023-10-30 20:55:00'),
(1111110, 0222022, '2023-11-05 6:25:00', '2023-11-15 21:35:00'),
(1011100, 8895252, '2023-12-15 8:36:00', '2023-12-25 19:45:00'),
(0111110, 1145253, '2023-12-20 12:56:00', '2023-12-30 21:40:00'),
(20910040, 5274917,'2023-06-24 7:30:00', '2023-06-30 20:30:00'),
(11100110, 5274917,'2023-07-16 8:30:00', '2023-07-26 20:37:00'),
(10105557,4545678,'2023-08-15 9:30:00', '2023-08-25 21:30:00'),
(10105558, 8328495,'2023-08-16 9:45:00', '2023-08-22 22:00:00'),
(10105559,0102947,'2023-05-14 12:00:00', '2023-05-19 21:10:00'),
(10105560, 2135461,'2023-08-12 7:00:00', '2023-08-17 20:15:00'),
(10105561, 4163264,'2023-09-24 8:45:00', '2023-09-29 20:00:00'),
(10105562, 6743521,'2023-09-9 6:55:00', '2023-09-15 21:00:00'),
(10105563, 3765631,'2023-12-20 10:00:00', '2023-12-28 20:35:00'),
(10105564, 9348746,'2023-10-02 12:15:00', '2023-10-16 21:30:00'),
(3900000, 1097643, '2023-01-07 7:00:00', '2023-01-12 21:00:00'),
(3901001, 2230973, '2023-08-10 10:15:00', '2023-08-15 15:30:00'),
(3932221, 0877622, '2023-02-18 9:30:00', '2023-02-24 19:00:00'),
(2099801, 1357778, '2023-01-11 6:30:00', '2023-01-14 16:15:00'),
(1999990, 7544289, '2023-05-05 9:00:00', '2023-05-11 20:00:00'),
(8566783, 9088722, '2023-02-04 8:30:00', '2023-02-10 13:30:00'),
(3458800, 1085667, '2023-07-12 10:00:00', '2023-07-19 18:00:00'),
(1009870, 3330098, '2023-06-08 5:30:00', '2023-06-13 11:00:00'),
(1001993, 2206676, '2023-02-01 9:00:00', '2023-02-08 16:15:00'),
(1766571, 1000321, '2023-09-08 9:15:00', '2023-09-14 17:00:00');

INSERT INTO reservation VALUES
(1001101, 3, 'GIORGOS', 'KARAGEORGOPOULOS','ADULT'),
(1101101, 12, 'GIANNIS', 'ADAMANTIDIS','ADULT'),
(1101010, 2, 'PANAGIOTIS', 'GEORGIOU','MINOR'),
(0101011, 4, 'EIRINI', 'STAMATI','MINOR'),
(0011001, 14, 'KATERINA', 'PAPADOPOULOU','ADULT'),
(0000001, 11 ,'ADREAS', 'PANAGIOTOU','MINOR'),
(0010110, 9, 'KOSTADINOS', 'KARAGIANNIS','ADULT'),
(1111110, 5, 'EVAGGELIA', 'KOLOKOURI','MINOR'),
(1011100, 10, 'MARIA', 'KOLAGKI','ADULT'),
(0111110, 5, 'ATHINA', 'PATELI','MINOR'),
(20910040, 10, 'EVANGELIA', 'LEKKA', 'ADULT' ),
(11100110, 12, 'MARIA', 'ZAXAROPOULOU', 'MINOR'),
(10105557, 10, 'ELENI', 'MIXALOPOULOU', 'ADULT'),
(10105558, 9,  'XRYSSA', 'KATSIGIANNI', 'ADULT' ),
(10105559, 5,  'BASILIKI', 'XRYSIKOU', 'MINOR'),
(10105560, 19,  'XRISTINA', 'TSOUKANELI', 'ADULT' ),
(10105561, 12,  'EIRINI', 'MARINOY', 'MINOR'),
(10105562, 7,  'NIKOS', 'XIOTIS', 'ADULT' ),
(10105563, 4,  'ORESTIS', 'PANAGOPOULOS', 'ADULT' ),
(10105564, 12, 'MANOLIS', 'STAMATAKIS','MINOR'),
(3900000, 4, 'DIMITRIS', 'PAYLOPOYLOS','ADULT'),
(3900000, 7, 'IOANNA', 'PAYLOPOYLOY','ADULT'),
(3932221, 16, 'MARIA', 'TRIANTAFYLLOU','MINOR'),
(3932221, 17, 'ELENI', 'IOANNIDOU','ADULT'),
(1999990, 18, 'PETROS', 'ARGYRIOU','ADULT'),
(8566783, 5, 'BASILHS', 'XONDROGIANNHS','ADULT'),
(3458800, 4, 'DIMITRA', 'STERGIOU','ADULT'),
(1009870, 16, 'AGGELIKI', 'KATSIGIANNH','MINOR'),
(1001993, 37, 'PANAGIOTHS', 'GEORGOPOULOS','MINOR'),
(1766571, 38, 'PAYLOS', 'ATHANASIOY','ADULT');
